Time (s),Voltage (V)
0.006315,0.058672
0.006316,0.057422
0.006317,0.056172
0.006318,0.056172
0.006319,0.057422
0.00632,0.059922
0.006321,0.052422
0.006322,0.059922
0.006323,0.054922
0.006324,0.056172
0.006325,0.056172
0.006326,0.058672
0.006327,0.054922
0.006328,0.056172
0.006329,0.057422
0.00633,0.058672
0.006331,0.058672
0.006332,0.054922
0.006333,0.057422
0.006334,0.059922
0.006335,0.056172
0.006336,0.057422
0.006337,0.058672
0.006338,0.059922
0.006339,0.056172
0.00634,0.058672
0.006341,0.059922
0.006342,0.057422
0.006343,0.052422
0.006344,0.057422
0.006345,0.058672
0.006346,0.057422
0.006347,0.054922
0.006348,0.057422
0.006349,0.058672
0.00635,0.056172
0.006351,0.056172
0.006352,0.058672
0.006353,0.058672
0.006354,0.058672
0.006355,0.057422
0.006356,0.058672
0.006357,0.059922
0.006358,0.057422
0.006359,0.058672
0.00636,0.059922
0.006361,0.058672
0.006362,0.058672
0.006363,0.057422
0.006364,0.058672
0.006365,0.058672
0.006366,0.058672
0.006367,0.056172
0.006368,0.059922
0.006369,0.061172
0.00637,0.056172
0.006371,0.056172
0.006372,0.059922
0.006373,0.059922
0.006374,0.057422
0.006375,0.058672
0.006376,0.058672
0.006377,0.059922
0.006378,0.058672
0.006379,0.058672
0.00638,0.057422
0.006381,0.059922
0.006382,0.059922
0.006383,0.059922
0.006384,0.057422
0.006385,0.058672
0.006386,0.057422
0.006387,0.059922
0.006388,0.061172
0.006389,0.056172
0.00639,0.057422
0.006391,0.057422
0.006392,0.062422
0.006393,0.061172
0.006394,0.059922
0.006395,0.057422
0.006396,0.059922
0.006397,0.058672
0.006398,0.056172
0.006399,0.061172
0.0064,0.057422
0.006401,0.058672
0.006402,0.061172
0.006403,0.058672
0.006404,0.059922
0.006405,0.057422
0.006406,0.059922
0.006407,0.056172
0.006408,0.059922
0.006409,0.059922
0.00641,0.056172
0.006411,0.057422
0.006412,0.057422
0.006413,0.057422
0.006414,0.062422
0.006415,0.054922
0.006416,0.061172
0.006417,0.058672
0.006418,0.062422
0.006419,0.058672
0.00642,0.059922
0.006421,0.061172
0.006422,0.059922
0.006423,0.061172
0.006424,0.063672
0.006425,0.059922
0.006426,0.062422
0.006427,0.062422
0.006428,0.058672
0.006429,0.061172
0.00643,0.061172
0.006431,0.057422
0.006432,0.061172
0.006433,0.059922
0.006434,0.058672
0.006435,0.059922
0.006436,0.061172
0.006437,0.061172
0.006438,0.061172
0.006439,0.058672
0.00644,0.061172
0.006441,0.062422
0.006442,0.062422
0.006443,0.062422
0.006444,0.061172
0.006445,0.061172
0.006446,0.061172
0.006447,0.061172
0.006448,0.061172
0.006449,0.062422
0.00645,0.059922
0.006451,0.058672
0.006452,0.056172
0.006453,0.056172
0.006454,0.057422
0.006455,0.061172
0.006456,0.059922
0.006457,0.058672
0.006458,0.062422
0.006459,0.059922
0.00646,0.057422
0.006461,0.066172
0.006462,0.061172
0.006463,0.058672
0.006464,0.062422
0.006465,0.062422
0.006466,0.063672
0.006467,0.063672
0.006468,0.062422
0.006469,0.062422
0.00647,0.063672
0.006471,0.063672
0.006472,0.063672
0.006473,0.059922
0.006474,0.062422
0.006475,0.062422
0.006476,0.059922
0.006477,0.061172
0.006478,0.064922
0.006479,0.062422
0.00648,0.062422
0.006481,0.064922
0.006482,0.059922
0.006483,0.064922
0.006484,0.062422
0.006485,0.061172
0.006486,0.061172
0.006487,0.057422
0.006488,0.063672
0.006489,0.063672
0.00649,0.063672
0.006491,0.061172
0.006492,0.063672
0.006493,0.061172
0.006494,0.062422
0.006495,0.063672
0.006496,0.063672
0.006497,0.062422
0.006498,0.066172
0.006499,0.061172
0.0065,0.063672
0.006501,0.062422
0.006502,0.063672
0.006503,0.063672
0.006504,0.062422
0.006505,0.066172
0.006506,0.062422
0.006507,0.059922
0.006508,0.062422
0.006509,0.062422
0.00651,0.063672
0.006511,0.064922
0.006512,0.061172
0.006513,0.061172
0.006514,0.069922
0.006515,0.064922
0.006516,0.064922
0.006517,0.063672
0.006518,0.068672
0.006519,0.066172
0.00652,0.066172
0.006521,0.069922
0.006522,0.064922
0.006523,0.062422
0.006524,0.066172
0.006525,0.066172
0.006526,0.067422
0.006527,0.064922
0.006528,0.066172
0.006529,0.064922
0.00653,0.067422
0.006531,0.062422
0.006532,0.066172
0.006533,0.063672
0.006534,0.064922
0.006535,0.066172
0.006536,0.068672
0.006537,0.066172
0.006538,0.067422
0.006539,0.067422
0.00654,0.066172
0.006541,0.064922
0.006542,0.064922
0.006543,0.066172
0.006544,0.068672
0.006545,0.066172
0.006546,0.066172
0.006547,0.067422
0.006548,0.066172
0.006549,0.067422
0.00655,0.068672
0.006551,0.067422
0.006552,0.067422
0.006553,0.064922
0.006554,0.066172
0.006555,0.067422
0.006556,0.072422
0.006557,0.067422
0.006558,0.066172
0.006559,0.069922
0.00656,0.066172
0.006561,0.068672
0.006562,0.066172
0.006563,0.067422
0.006564,0.071172
0.006565,0.067422
0.006566,0.068672
0.006567,0.066172
0.006568,0.069922
0.006569,0.063672
0.00657,0.068672
0.006571,0.063672
0.006572,0.069922
0.006573,0.069922
0.006574,0.071172
0.006575,0.072422
0.006576,0.069922
0.006577,0.068672
0.006578,0.072422
0.006579,0.067422
0.00658,0.072422
0.006581,0.069922
0.006582,0.069922
0.006583,0.072422
0.006584,0.069922
0.006585,0.072422
0.006586,0.073672
0.006587,0.071172
0.006588,0.069922
0.006589,0.072422
0.00659,0.074922
0.006591,0.072422
0.006592,0.074922
0.006593,0.072422
0.006594,0.076172
0.006595,0.074922
0.006596,0.078672
0.006597,0.072422
0.006598,0.077422
0.006599,0.077422
0.0066,0.077422
0.006601,0.078672
0.006602,0.076172
0.006603,0.078672
0.006604,0.077422
0.006605,0.077422
0.006606,0.079922
0.006607,0.077422
0.006608,0.082422
0.006609,0.079922
0.00661,0.079922
0.006611,0.077422
0.006612,0.081172
0.006613,0.081172
0.006614,0.082422
0.006615,0.083672
0.006616,0.084922
0.006617,0.081172
0.006618,0.084922
0.006619,0.083672
0.00662,0.087422
0.006621,0.087422
0.006622,0.083672
0.006623,0.083672
0.006624,0.087422
0.006625,0.091172
0.006626,0.088672
0.006627,0.091172
0.006628,0.091172
0.006629,0.087422
0.00663,0.094922
0.006631,0.091172
0.006632,0.092422
0.006633,0.092422
0.006634,0.092422
0.006635,0.096172
0.006636,0.096172
0.006637,0.093672
0.006638,0.098672
0.006639,0.093672
0.00664,0.096172
0.006641,0.097422
0.006642,0.102422
0.006643,0.097422
0.006644,0.102422
0.006645,0.099922
0.006646,0.102422
0.006647,0.101172
0.006648,0.104922
0.006649,0.106172
0.00665,0.104922
0.006651,0.104922
0.006652,0.109922
0.006653,0.106172
0.006654,0.109922
0.006655,0.108672
0.006656,0.111172
0.006657,0.112422
0.006658,0.114922
0.006659,0.112422
0.00666,0.113672
0.006661,0.117422
0.006662,0.113672
0.006663,0.113672
0.006664,0.114922
0.006665,0.121172
0.006666,0.121172
0.006667,0.118672
0.006668,0.119922
0.006669,0.122422
0.00667,0.122422
0.006671,0.124922
0.006672,0.123672
0.006673,0.122422
0.006674,0.124922
0.006675,0.123672
0.006676,0.127422
0.006677,0.129922
0.006678,0.129922
0.006679,0.129922
0.00668,0.132422
0.006681,0.132422
0.006682,0.133672
0.006683,0.133672
0.006684,0.133672
0.006685,0.137422
0.006686,0.138672
0.006687,0.136172
0.006688,0.139922
0.006689,0.142422
0.00669,0.142422
0.006691,0.142422
0.006692,0.144922
0.006693,0.143672
0.006694,0.146172
0.006695,0.147422
0.006696,0.148672
0.006697,0.152422
0.006698,0.152422
0.006699,0.149922
0.0067,0.149922
0.006701,0.152422
0.006702,0.157422
0.006703,0.153672
0.006704,0.162422
0.006705,0.159922
0.006706,0.158672
0.006707,0.156172
0.006708,0.163672
0.006709,0.163672
0.00671,0.166172
0.006711,0.161172
0.006712,0.169922
0.006713,0.166172
0.006714,0.168672
0.006715,0.167422
0.006716,0.172422
0.006717,0.172422
0.006718,0.171172
0.006719,0.168672
0.00672,0.176172
0.006721,0.174922
0.006722,0.177422
0.006723,0.174922
0.006724,0.182422
0.006725,0.178672
0.006726,0.181172
0.006727,0.179922
0.006728,0.179922
0.006729,0.184922
0.00673,0.184922
0.006731,0.183672
0.006732,0.188672
0.006733,0.187422
0.006734,0.187422
0.006735,0.187422
0.006736,0.191172
0.006737,0.191172
0.006738,0.191172
0.006739,0.193672
0.00674,0.194922
0.006741,0.194922
0.006742,0.194922
0.006743,0.192422
0.006744,0.194922
0.006745,0.199922
0.006746,0.196172
0.006747,0.199922
0.006748,0.201172
0.006749,0.201172
0.00675,0.202422
0.006751,0.201172
0.006752,0.199922
0.006753,0.206172
0.006754,0.201172
0.006755,0.201172
0.006756,0.204922
0.006757,0.207422
0.006758,0.207422
0.006759,0.211172
0.00676,0.207422
0.006761,0.207422
0.006762,0.209922
0.006763,0.209922
0.006764,0.208672
0.006765,0.211172
0.006766,0.212422
0.006767,0.209922
0.006768,0.211172
0.006769,0.216172
0.00677,0.211172
0.006771,0.214922
0.006772,0.212422
0.006773,0.213672
0.006774,0.212422
0.006775,0.212422
0.006776,0.213672
0.006777,0.216172
0.006778,0.216172
0.006779,0.214922
0.00678,0.214922
0.006781,0.219922
0.006782,0.218672
0.006783,0.217422
0.006784,0.219922
0.006785,0.219922
0.006786,0.217422
0.006787,0.218672
0.006788,0.219922
0.006789,0.218672
0.00679,0.219922
0.006791,0.219922
0.006792,0.223672
0.006793,0.221172
0.006794,0.218672
0.006795,0.218672
0.006796,0.218672
0.006797,0.217422
0.006798,0.221172
0.006799,0.218672
0.0068,0.219922
0.006801,0.221172
0.006802,0.216172
0.006803,0.218672
0.006804,0.217422
0.006805,0.216172
0.006806,0.219922
0.006807,0.214922
0.006808,0.218672
0.006809,0.216172
0.00681,0.216172
0.006811,0.218672
0.006812,0.217422
0.006813,0.217422
0.006814,0.212422
0.006815,0.213672
0.006816,0.214922
0.006817,0.214922
0.006818,0.212422
0.006819,0.212422
0.00682,0.212422
0.006821,0.212422
0.006822,0.213672
0.006823,0.214922
0.006824,0.209922
0.006825,0.212422
0.006826,0.209922
0.006827,0.208672
0.006828,0.209922
0.006829,0.211172
0.00683,0.209922
0.006831,0.207422
0.006832,0.203672
0.006833,0.208672
0.006834,0.206172
0.006835,0.204922
0.006836,0.208672
0.006837,0.206172
0.006838,0.203672
0.006839,0.198672
0.00684,0.203672
0.006841,0.201172
0.006842,0.202422
0.006843,0.199922
0.006844,0.203672
0.006845,0.202422
0.006846,0.199922
0.006847,0.198672
0.006848,0.199922
0.006849,0.196172
0.00685,0.194922
0.006851,0.192422
0.006852,0.194922
0.006853,0.192422
0.006854,0.194922
0.006855,0.187422
0.006856,0.193672
0.006857,0.193672
0.006858,0.192422
0.006859,0.189922
0.00686,0.183672
0.006861,0.184922
0.006862,0.184922
0.006863,0.184922
0.006864,0.179922
0.006865,0.183672
0.006866,0.181172
0.006867,0.179922
0.006868,0.179922
0.006869,0.181172
0.00687,0.177422
0.006871,0.177422
0.006872,0.177422
0.006873,0.178672
0.006874,0.174922
0.006875,0.173672
0.006876,0.173672
0.006877,0.173672
0.006878,0.172422
0.006879,0.171172
0.00688,0.171172
0.006881,0.171172
0.006882,0.168672
0.006883,0.166172
0.006884,0.167422
0.006885,0.167422
0.006886,0.166172
0.006887,0.164922
0.006888,0.164922
0.006889,0.162422
0.00689,0.159922
0.006891,0.158672
0.006892,0.159922
0.006893,0.162422
0.006894,0.158672
0.006895,0.156172
0.006896,0.156172
0.006897,0.156172
0.006898,0.153672
0.006899,0.149922
0.0069,0.153672
0.006901,0.151172
0.006902,0.148672
0.006903,0.148672
0.006904,0.146172
0.006905,0.149922
0.006906,0.146172
0.006907,0.148672
0.006908,0.147422
0.006909,0.146172
0.00691,0.146172
0.006911,0.141172
0.006912,0.142422
0.006913,0.139922
0.006914,0.139922
0.006915,0.137422
0.006916,0.141172
0.006917,0.138672
0.006918,0.138672
0.006919,0.136172
0.00692,0.134922
0.006921,0.133672
0.006922,0.136172
0.006923,0.134922
0.006924,0.133672
0.006925,0.132422
0.006926,0.133672
0.006927,0.129922
0.006928,0.127422
0.006929,0.132422
0.00693,0.127422
0.006931,0.129922
0.006932,0.128672
0.006933,0.127422
0.006934,0.126172
0.006935,0.123672
0.006936,0.126172
0.006937,0.126172
0.006938,0.123672
0.006939,0.121172
0.00694,0.121172
0.006941,0.124922
0.006942,0.123672
0.006943,0.122422
0.006944,0.122422
0.006945,0.116172
0.006946,0.119922
0.006947,0.119922
0.006948,0.121172
0.006949,0.117422
0.00695,0.113672
0.006951,0.114922
0.006952,0.113672
0.006953,0.113672
0.006954,0.109922
0.006955,0.109922
0.006956,0.111172
0.006957,0.112422
0.006958,0.111172
0.006959,0.108672
0.00696,0.112422
0.006961,0.107422
0.006962,0.108672
0.006963,0.107422
0.006964,0.107422
0.006965,0.111172
0.006966,0.106172
0.006967,0.108672
0.006968,0.107422
0.006969,0.106172
0.00697,0.104922
0.006971,0.099922
0.006972,0.107422
0.006973,0.102422
0.006974,0.104922
0.006975,0.102422
0.006976,0.104922
0.006977,0.103672
0.006978,0.101172
0.006979,0.103672
0.00698,0.101172
0.006981,0.099922
0.006982,0.101172
0.006983,0.096172
0.006984,0.097422
0.006985,0.097422
0.006986,0.101172
0.006987,0.094922
0.006988,0.098672
0.006989,0.098672
0.00699,0.097422
0.006991,0.094922
0.006992,0.098672
0.006993,0.098672
0.006994,0.094922
0.006995,0.091172
0.006996,0.093672
0.006997,0.094922
0.006998,0.094922
0.006999,0.093672
0.007,0.094922
0.007001,0.092422
0.007002,0.092422
0.007003,0.093672
0.007004,0.091172
0.007005,0.091172
0.007006,0.088672
0.007007,0.092422
0.007008,0.093672
0.007009,0.093672
0.00701,0.092422
0.007011,0.092422
0.007012,0.092422
0.007013,0.092422
0.007014,0.088672
0.007015,0.086172
0.007016,0.089922
0.007017,0.087422
0.007018,0.084922
0.007019,0.082422
0.00702,0.084922
0.007021,0.087422
0.007022,0.087422
0.007023,0.084922
0.007024,0.087422
0.007025,0.086172
0.007026,0.087422
0.007027,0.086172
0.007028,0.079922
0.007029,0.084922
0.00703,0.083672
0.007031,0.082422
0.007032,0.083672
0.007033,0.083672
0.007034,0.084922
0.007035,0.078672
0.007036,0.084922
0.007037,0.086172
0.007038,0.084922
0.007039,0.078672
0.00704,0.083672
0.007041,0.084922
0.007042,0.079922
0.007043,0.077422
0.007044,0.082422
0.007045,0.081172
0.007046,0.082422
0.007047,0.077422
0.007048,0.081172
0.007049,0.079922
0.00705,0.079922
0.007051,0.077422
0.007052,0.082422
0.007053,0.077422
0.007054,0.076172
0.007055,0.077422
0.007056,0.079922
0.007057,0.081172
0.007058,0.074922
0.007059,0.074922
0.00706,0.076172
0.007061,0.077422
0.007062,0.074922
0.007063,0.074922
0.007064,0.073672
0.007065,0.077422
0.007066,0.076172
0.007067,0.073672
0.007068,0.073672
0.007069,0.074922
0.00707,0.077422
0.007071,0.071172
0.007072,0.074922
0.007073,0.073672
0.007074,0.074922
0.007075,0.069922
0.007076,0.072422
0.007077,0.071172
0.007078,0.074922
0.007079,0.071172
0.00708,0.072422
0.007081,0.069922
0.007082,0.073672
0.007083,0.074922
0.007084,0.072422
0.007085,0.072422
0.007086,0.069922
0.007087,0.072422
0.007088,0.069922
0.007089,0.071172
0.00709,0.073672
0.007091,0.073672
0.007092,0.071172
0.007093,0.069922
0.007094,0.072422
0.007095,0.068672
0.007096,0.073672
0.007097,0.067422
0.007098,0.069922
0.007099,0.071172
0.0071,0.066172
0.007101,0.063672
0.007102,0.068672
0.007103,0.067422
0.007104,0.067422
0.007105,0.069922
0.007106,0.071172
0.007107,0.068672
0.007108,0.069922
0.007109,0.066172
0.00711,0.067422
0.007111,0.064922
0.007112,0.069922
0.007113,0.063672
0.007114,0.071172
0.007115,0.064922
0.007116,0.067422
0.007117,0.067422
0.007118,0.068672
0.007119,0.064922
0.00712,0.068672
0.007121,0.066172
0.007122,0.064922
0.007123,0.064922
0.007124,0.067422
0.007125,0.064922
0.007126,0.067422
0.007127,0.064922
0.007128,0.067422
0.007129,0.066172
0.00713,0.064922
0.007131,0.061172
0.007132,0.064922
0.007133,0.067422
0.007134,0.063672
0.007135,0.064922
0.007136,0.068672
0.007137,0.067422
0.007138,0.067422
0.007139,0.067422
0.00714,0.063672
0.007141,0.061172
0.007142,0.062422
0.007143,0.062422
0.007144,0.064922
0.007145,0.062422
0.007146,0.063672
0.007147,0.063672
0.007148,0.062422
0.007149,0.062422
0.00715,0.061172
0.007151,0.063672
0.007152,0.061172
0.007153,0.063672
0.007154,0.064922
0.007155,0.063672
0.007156,0.063672
0.007157,0.063672
0.007158,0.062422
0.007159,0.061172
0.00716,0.062422
0.007161,0.059922
0.007162,0.062422
0.007163,0.059922
0.007164,0.063672
0.007165,0.059922
0.007166,0.059922
0.007167,0.058672
0.007168,0.063672
0.007169,0.061172
0.00717,0.059922
0.007171,0.057422
0.007172,0.058672
0.007173,0.061172
0.007174,0.058672
0.007175,0.057422
0.007176,0.059922
0.007177,0.058672
0.007178,0.059922
0.007179,0.057422
0.00718,0.058672
0.007181,0.062422
0.007182,0.061172
0.007183,0.061172
0.007184,0.057422
0.007185,0.061172
0.007186,0.061172
0.007187,0.058672
0.007188,0.061172
0.007189,0.057422
0.00719,0.059922
0.007191,0.058672
0.007192,0.058672
0.007193,0.056172
0.007194,0.059922
0.007195,0.059922
0.007196,0.059922
0.007197,0.054922
0.007198,0.059922
0.007199,0.059922
0.0072,0.056172
0.007201,0.061172
0.007202,0.062422
0.007203,0.057422
0.007204,0.057422
0.007205,0.056172
0.007206,0.058672
0.007207,0.058672
0.007208,0.061172
0.007209,0.057422
0.00721,0.057422
0.007211,0.058672
0.007212,0.058672
0.007213,0.057422
0.007214,0.059922
0.007215,0.054922
0.007216,0.059922
0.007217,0.061172
0.007218,0.059922
0.007219,0.057422
0.00722,0.058672
0.007221,0.062422
0.007222,0.058672
0.007223,0.059922
0.007224,0.059922
0.007225,0.058672
0.007226,0.056172
0.007227,0.057422
0.007228,0.058672
0.007229,0.062422
0.00723,0.059922
0.007231,0.059922
0.007232,0.059922
0.007233,0.061172
0.007234,0.059922
0.007235,0.056172
0.007236,0.057422
0.007237,0.059922
0.007238,0.056172
0.007239,0.058672
0.00724,0.058672
0.007241,0.054922
0.007242,0.059922
0.007243,0.057422
0.007244,0.059922
0.007245,0.058672
0.007246,0.057422
0.007247,0.056172
0.007248,0.058672
0.007249,0.057422
0.00725,0.057422
0.007251,0.053672
0.007252,0.057422
0.007253,0.056172
0.007254,0.054922
0.007255,0.057422
0.007256,0.058672
0.007257,0.057422
0.007258,0.056172
0.007259,0.059922
0.00726,0.056172
0.007261,0.058672
0.007262,0.058672
0.007263,0.054922
0.007264,0.057422
0.007265,0.057422
0.007266,0.058672
0.007267,0.056172
0.007268,0.061172
0.007269,0.057422
0.00727,0.058672
0.007271,0.056172
0.007272,0.057422
0.007273,0.057422
0.007274,0.054922
0.007275,0.057422
0.007276,0.057422
0.007277,0.058672
0.007278,0.054922
0.007279,0.058672
0.00728,0.058672
0.007281,0.056172
0.007282,0.058672
0.007283,0.057422
0.007284,0.061172
0.007285,0.057422
0.007286,0.054922
0.007287,0.057422
0.007288,0.056172
0.007289,0.056172
0.00729,0.054922
0.007291,0.052422
0.007292,0.057422
0.007293,0.058672
0.007294,0.056172
0.007295,0.053672
0.007296,0.057422
0.007297,0.056172
0.007298,0.059922
0.007299,0.056172
0.0073,0.058672
0.007301,0.057422
0.007302,0.054922
0.007303,0.053672
0.007304,0.057422
0.007305,0.059922
0.007306,0.054922
0.007307,0.056172
0.007308,0.057422
0.007309,0.056172
0.00731,0.058672
0.007311,0.056172
0.007312,0.057422
0.007313,0.057422
0.007314,0.054922
0.007315,0.053672
0.007316,0.056172
0.007317,0.057422
0.007318,0.058672
0.007319,0.057422
0.00732,0.056172
0.007321,0.057422
0.007322,0.056172
0.007323,0.057422
0.007324,0.056172
0.007325,0.057422
0.007326,0.057422
0.007327,0.058672
0.007328,0.054922
0.007329,0.059922
0.00733,0.056172
0.007331,0.058672
0.007332,0.058672
0.007333,0.057422
0.007334,0.054922
0.007335,0.057422
0.007336,0.056172
0.007337,0.059922
0.007338,0.057422
0.007339,0.054922
0.00734,0.058672
0.007341,0.058672
0.007342,0.058672
0.007343,0.058672
0.007344,0.058672
0.007345,0.058672
0.007346,0.057422
0.007347,0.056172
0.007348,0.058672
0.007349,0.057422
0.00735,0.057422
0.007351,0.054922
0.007352,0.057422
0.007353,0.054922
0.007354,0.058672
0.007355,0.057422
0.007356,0.061172
0.007357,0.054922
0.007358,0.058672
0.007359,0.056172
0.00736,0.056172
0.007361,0.058672
0.007362,0.059922
0.007363,0.056172
0.007364,0.059922
0.007365,0.058672
0.007366,0.058672
0.007367,0.054922
0.007368,0.059922
0.007369,0.058672
0.00737,0.057422
0.007371,0.054922
0.007372,0.058672
0.007373,0.061172
0.007374,0.058672
0.007375,0.059922
0.007376,0.061172
0.007377,0.059922
0.007378,0.057422
0.007379,0.057422
0.00738,0.058672
0.007381,0.054922
0.007382,0.056172
0.007383,0.058672
0.007384,0.057422
0.007385,0.056172
0.007386,0.057422
0.007387,0.057422
0.007388,0.056172
0.007389,0.057422
0.00739,0.059922
0.007391,0.059922
0.007392,0.058672
0.007393,0.057422
0.007394,0.058672
0.007395,0.057422
0.007396,0.057422
0.007397,0.056172
0.007398,0.057422
0.007399,0.056172
0.0074,0.058672
0.007401,0.059922
0.007402,0.057422
0.007403,0.056172
0.007404,0.059922
0.007405,0.058672
0.007406,0.058672
0.007407,0.058672
0.007408,0.061172
0.007409,0.059922
0.00741,0.062422
0.007411,0.056172
0.007412,0.059922
0.007413,0.057422
0.007414,0.057422
0.007415,0.057422
0.007416,0.059922
0.007417,0.057422
0.007418,0.058672
0.007419,0.056172
0.00742,0.054922
0.007421,0.058672
0.007422,0.058672
0.007423,0.056172
0.007424,0.054922
0.007425,0.061172
0.007426,0.059922
0.007427,0.057422
0.007428,0.058672
0.007429,0.056172
0.00743,0.059922
0.007431,0.058672
0.007432,0.057422
0.007433,0.057422
0.007434,0.063672
0.007435,0.061172
0.007436,0.058672
0.007437,0.058672
0.007438,0.057422
0.007439,0.057422
0.00744,0.059922
0.007441,0.061172
0.007442,0.061172
0.007443,0.059922
0.007444,0.058672
0.007445,0.061172
0.007446,0.059922
0.007447,0.058672
0.007448,0.058672
0.007449,0.059922
0.00745,0.059922
0.007451,0.061172
0.007452,0.061172
0.007453,0.059922
0.007454,0.062422
0.007455,0.061172
0.007456,0.062422
0.007457,0.063672
0.007458,0.062422
0.007459,0.061172
0.00746,0.062422
0.007461,0.059922
0.007462,0.064922
0.007463,0.061172
0.007464,0.061172
0.007465,0.061172
0.007466,0.059922
0.007467,0.058672
0.007468,0.062422
0.007469,0.059922
0.00747,0.064922
0.007471,0.058672
0.007472,0.062422
0.007473,0.063672
0.007474,0.061172
0.007475,0.062422
0.007476,0.061172
0.007477,0.061172
0.007478,0.062422
0.007479,0.063672
0.00748,0.059922
0.007481,0.061172
0.007482,0.059922
0.007483,0.064922
0.007484,0.064922
0.007485,0.062422
0.007486,0.063672
0.007487,0.061172
0.007488,0.064922
0.007489,0.061172
0.00749,0.062422
0.007491,0.063672
0.007492,0.063672
0.007493,0.062422
0.007494,0.063672
0.007495,0.059922
0.007496,0.064922
0.007497,0.064922
0.007498,0.063672
0.007499,0.059922
0.0075,0.063672
0.007501,0.066172
0.007502,0.066172
0.007503,0.062422
0.007504,0.063672
0.007505,0.063672
0.007506,0.066172
0.007507,0.062422
0.007508,0.066172
0.007509,0.063672
0.00751,0.063672
0.007511,0.061172
0.007512,0.064922
0.007513,0.063672
0.007514,0.064922
0.007515,0.063672
0.007516,0.067422
0.007517,0.067422
0.007518,0.064922
0.007519,0.064922
0.00752,0.064922
0.007521,0.067422
0.007522,0.063672
0.007523,0.059922
0.007524,0.062422
0.007525,0.062422
0.007526,0.064922
0.007527,0.064922
0.007528,0.062422
0.007529,0.064922
0.00753,0.067422
0.007531,0.062422
0.007532,0.064922
0.007533,0.066172
0.007534,0.062422
0.007535,0.064922
0.007536,0.068672
0.007537,0.064922
0.007538,0.064922
0.007539,0.066172
0.00754,0.064922
0.007541,0.066172
0.007542,0.067422
0.007543,0.064922
0.007544,0.066172
0.007545,0.067422
0.007546,0.066172
0.007547,0.067422
0.007548,0.067422
0.007549,0.066172
0.00755,0.067422
0.007551,0.064922
0.007552,0.067422
0.007553,0.066172
0.007554,0.069922
0.007555,0.067422
0.007556,0.067422
0.007557,0.067422
0.007558,0.071172
0.007559,0.066172
0.00756,0.068672
0.007561,0.067422
0.007562,0.071172
0.007563,0.067422
0.007564,0.067422
0.007565,0.067422
0.007566,0.071172
0.007567,0.069922
0.007568,0.071172
0.007569,0.066172
0.00757,0.071172
0.007571,0.069922
0.007572,0.071172
0.007573,0.068672
0.007574,0.066172
0.007575,0.069922
0.007576,0.069922
0.007577,0.069922
0.007578,0.068672
0.007579,0.072422
0.00758,0.069922
0.007581,0.074922
0.007582,0.071172
0.007583,0.069922
0.007584,0.074922
0.007585,0.073672
0.007586,0.072422
0.007587,0.071172
0.007588,0.073672
0.007589,0.073672
0.00759,0.073672
0.007591,0.073672
0.007592,0.071172
0.007593,0.073672
0.007594,0.077422
0.007595,0.076172
0.007596,0.074922
0.007597,0.076172
0.007598,0.076172
0.007599,0.076172
0.0076,0.076172
0.007601,0.074922
0.007602,0.076172
0.007603,0.078672
0.007604,0.079922
0.007605,0.081172
0.007606,0.081172
0.007607,0.078672
0.007608,0.079922
0.007609,0.078672
0.00761,0.082422
0.007611,0.082422
0.007612,0.079922
0.007613,0.082422
0.007614,0.084922
0.007615,0.079922
0.007616,0.084922
0.007617,0.084922
0.007618,0.083672
0.007619,0.082422
0.00762,0.086172
0.007621,0.087422
0.007622,0.084922
0.007623,0.088672
0.007624,0.087422
0.007625,0.089922
0.007626,0.089922
0.007627,0.086172
0.007628,0.088672
0.007629,0.093672
0.00763,0.091172
0.007631,0.089922
0.007632,0.094922
0.007633,0.094922
0.007634,0.092422
0.007635,0.093672
0.007636,0.093672
0.007637,0.097422
0.007638,0.096172
0.007639,0.094922
0.00764,0.098672
0.007641,0.097422
0.007642,0.101172
0.007643,0.101172
0.007644,0.102422
0.007645,0.101172
0.007646,0.102422
0.007647,0.102422
0.007648,0.104922
0.007649,0.104922
0.00765,0.107422
0.007651,0.103672
0.007652,0.106172
0.007653,0.107422
0.007654,0.108672
0.007655,0.106172
0.007656,0.111172
0.007657,0.113672
0.007658,0.111172
0.007659,0.111172
0.00766,0.112422
0.007661,0.112422
0.007662,0.113672
0.007663,0.112422
0.007664,0.119922
0.007665,0.116172
0.007666,0.121172
0.007667,0.119922
0.007668,0.118672
0.007669,0.119922
0.00767,0.124922
0.007671,0.119922
0.007672,0.126172
0.007673,0.124922
0.007674,0.127422
0.007675,0.123672
0.007676,0.131172
0.007677,0.131172
0.007678,0.129922
0.007679,0.129922
0.00768,0.134922
0.007681,0.133672
0.007682,0.134922
0.007683,0.133672
0.007684,0.138672
0.007685,0.133672
0.007686,0.139922
0.007687,0.138672
0.007688,0.142422
0.007689,0.142422
0.00769,0.143672
0.007691,0.142422
0.007692,0.147422
0.007693,0.142422
0.007694,0.146172
0.007695,0.148672
0.007696,0.148672
0.007697,0.149922
0.007698,0.152422
0.007699,0.149922
0.0077,0.154922
0.007701,0.154922
0.007702,0.156172
0.007703,0.156172
0.007704,0.157422
0.007705,0.161172
0.007706,0.161172
0.007707,0.157422
0.007708,0.159922
0.007709,0.166172
0.00771,0.163672
0.007711,0.164922
0.007712,0.164922
0.007713,0.171172
0.007714,0.168672
0.007715,0.168672
0.007716,0.169922
0.007717,0.171172
0.007718,0.176172
0.007719,0.174922
0.00772,0.174922
0.007721,0.173672
0.007722,0.177422
0.007723,0.178672
0.007724,0.179922
0.007725,0.179922
0.007726,0.182422
0.007727,0.181172
0.007728,0.184922
0.007729,0.182422
0.00773,0.184922
0.007731,0.183672
0.007732,0.187422
0.007733,0.187422
0.007734,0.192422
0.007735,0.189922
0.007736,0.189922
0.007737,0.189922
0.007738,0.192422
0.007739,0.189922
0.00774,0.194922
0.007741,0.194922
0.007742,0.196172
0.007743,0.197422
0.007744,0.198672
0.007745,0.197422
0.007746,0.202422
0.007747,0.199922
0.007748,0.202422
0.007749,0.198672
0.00775,0.201172
0.007751,0.201172
0.007752,0.199922
0.007753,0.203672
0.007754,0.204922
0.007755,0.204922
0.007756,0.208672
0.007757,0.206172
0.007758,0.206172
0.007759,0.206172
0.00776,0.204922
0.007761,0.209922
0.007762,0.208672
0.007763,0.211172
0.007764,0.207422
0.007765,0.208672
0.007766,0.212422
0.007767,0.211172
0.007768,0.213672
0.007769,0.211172
0.00777,0.213672
0.007771,0.212422
0.007772,0.214922
0.007773,0.213672
0.007774,0.212422
0.007775,0.211172
0.007776,0.217422
0.007777,0.216172
0.007778,0.218672
0.007779,0.216172
0.00778,0.214922
0.007781,0.222422
0.007782,0.217422
0.007783,0.217422
0.007784,0.216172
0.007785,0.221172
0.007786,0.218672
0.007787,0.221172
0.007788,0.218672
0.007789,0.219922
0.00779,0.217422
0.007791,0.222422
0.007792,0.218672
0.007793,0.217422
0.007794,0.218672
0.007795,0.217422
0.007796,0.218672
0.007797,0.219922
0.007798,0.218672
0.007799,0.219922
0.0078,0.218672
0.007801,0.219922
0.007802,0.218672
0.007803,0.214922
0.007804,0.216172
0.007805,0.218672
0.007806,0.218672
0.007807,0.219922
0.007808,0.218672
0.007809,0.214922
0.00781,0.217422
0.007811,0.213672
0.007812,0.218672
0.007813,0.216172
0.007814,0.218672
0.007815,0.213672
0.007816,0.217422
0.007817,0.217422
0.007818,0.214922
0.007819,0.213672
0.00782,0.214922
0.007821,0.212422
0.007822,0.213672
0.007823,0.211172
0.007824,0.213672
0.007825,0.211172
0.007826,0.211172
0.007827,0.211172
0.007828,0.211172
0.007829,0.211172
0.00783,0.209922
0.007831,0.208672
0.007832,0.208672
0.007833,0.207422
0.007834,0.208672
0.007835,0.207422
0.007836,0.206172
0.007837,0.201172
0.007838,0.202422
0.007839,0.203672
0.00784,0.203672
0.007841,0.203672
0.007842,0.202422
0.007843,0.201172
0.007844,0.201172
0.007845,0.198672
0.007846,0.196172
0.007847,0.194922
0.007848,0.198672
0.007849,0.197422
0.00785,0.197422
0.007851,0.194922
0.007852,0.193672
0.007853,0.194922
0.007854,0.194922
0.007855,0.192422
0.007856,0.192422
0.007857,0.192422
0.007858,0.186172
0.007859,0.191172
0.00786,0.186172
0.007861,0.186172
0.007862,0.184922
0.007863,0.187422
0.007864,0.184922
0.007865,0.182422
0.007866,0.181172
0.007867,0.181172
0.007868,0.179922
0.007869,0.179922
0.00787,0.174922
0.007871,0.177422
0.007872,0.178672
0.007873,0.172422
0.007874,0.172422
0.007875,0.173672
0.007876,0.172422
0.007877,0.172422
0.007878,0.169922
0.007879,0.169922
0.00788,0.168672
0.007881,0.166172
0.007882,0.167422
0.007883,0.166172
0.007884,0.167422
0.007885,0.164922
0.007886,0.162422
0.007887,0.163672
0.007888,0.163672
0.007889,0.159922
0.00789,0.157422
0.007891,0.157422
0.007892,0.159922
0.007893,0.159922
0.007894,0.156172
0.007895,0.157422
0.007896,0.157422
0.007897,0.156172
0.007898,0.148672
0.007899,0.157422
0.0079,0.152422
0.007901,0.149922
0.007902,0.149922
0.007903,0.148672
0.007904,0.147422
0.007905,0.149922
0.007906,0.146172
0.007907,0.143672
0.007908,0.147422
0.007909,0.143672
0.00791,0.146172
0.007911,0.141172
0.007912,0.139922
0.007913,0.138672
0.007914,0.141172
0.007915,0.134922
0.007916,0.141172
0.007917,0.138672
0.007918,0.139922
0.007919,0.134922
0.00792,0.137422
0.007921,0.136172
0.007922,0.133672
0.007923,0.129922
0.007924,0.133672
0.007925,0.131172
0.007926,0.129922
0.007927,0.131172
0.007928,0.129922
0.007929,0.126172
0.00793,0.128672
0.007931,0.127422
0.007932,0.129922
0.007933,0.127422
0.007934,0.127422
0.007935,0.122422
0.007936,0.122422
0.007937,0.126172
0.007938,0.124922
0.007939,0.121172
0.00794,0.119922
0.007941,0.121172
0.007942,0.117422
0.007943,0.117422
0.007944,0.121172
0.007945,0.118672
0.007946,0.119922
0.007947,0.114922
0.007948,0.119922
0.007949,0.114922
0.00795,0.119922
0.007951,0.114922
0.007952,0.117422
0.007953,0.114922
0.007954,0.113672
0.007955,0.111172
0.007956,0.116172
0.007957,0.111172
0.007958,0.111172
0.007959,0.112422
0.00796,0.111172
0.007961,0.109922
0.007962,0.108672
0.007963,0.108672
0.007964,0.109922
0.007965,0.107422
0.007966,0.109922
0.007967,0.106172
0.007968,0.107422
0.007969,0.104922
0.00797,0.108672
0.007971,0.107422
0.007972,0.106172
0.007973,0.108672
0.007974,0.103672
0.007975,0.103672
0.007976,0.103672
0.007977,0.103672
0.007978,0.102422
0.007979,0.102422
0.00798,0.101172
0.007981,0.101172
0.007982,0.102422
0.007983,0.099922
0.007984,0.101172
0.007985,0.098672
0.007986,0.099922
0.007987,0.097422
0.007988,0.098672
0.007989,0.098672
0.00799,0.098672
0.007991,0.093672
0.007992,0.094922
0.007993,0.098672
0.007994,0.096172
0.007995,0.092422
0.007996,0.098672
0.007997,0.094922
0.007998,0.094922
0.007999,0.092422
0.008,0.092422
0.008001,0.093672
0.008002,0.092422
0.008003,0.091172
0.008004,0.091172
0.008005,0.092422
0.008006,0.093672
0.008007,0.089922
0.008008,0.089922
0.008009,0.091172
0.00801,0.088672
0.008011,0.094922
0.008012,0.089922
0.008013,0.087422
0.008014,0.088672
0.008015,0.088672
0.008016,0.087422
0.008017,0.088672
0.008018,0.089922
0.008019,0.084922
0.00802,0.087422
0.008021,0.086172
0.008022,0.084922
0.008023,0.086172
0.008024,0.082422
0.008025,0.082422
0.008026,0.086172
0.008027,0.082422
0.008028,0.083672
0.008029,0.087422
0.00803,0.087422
0.008031,0.082422
0.008032,0.082422
0.008033,0.086172
0.008034,0.083672
0.008035,0.081172
0.008036,0.084922
0.008037,0.082422
0.008038,0.084922
0.008039,0.081172
0.00804,0.083672
0.008041,0.082422
0.008042,0.081172
0.008043,0.083672
0.008044,0.078672
0.008045,0.081172
0.008046,0.079922
0.008047,0.074922
0.008048,0.082422
0.008049,0.077422
0.00805,0.077422
0.008051,0.076172
0.008052,0.078672
0.008053,0.078672
0.008054,0.079922
0.008055,0.076172
0.008056,0.078672
0.008057,0.076172
0.008058,0.078672
0.008059,0.077422
0.00806,0.077422
0.008061,0.077422
0.008062,0.076172
0.008063,0.077422
0.008064,0.074922
0.008065,0.074922
0.008066,0.078672
0.008067,0.073672
0.008068,0.072422
0.008069,0.077422
0.00807,0.072422
0.008071,0.073672
0.008072,0.072422
0.008073,0.074922
0.008074,0.071172
0.008075,0.072422
0.008076,0.072422
0.008077,0.073672
0.008078,0.072422
0.008079,0.068672
0.00808,0.072422
0.008081,0.069922
0.008082,0.073672
0.008083,0.069922
0.008084,0.073672
0.008085,0.071172
0.008086,0.072422
0.008087,0.069922
0.008088,0.072422
0.008089,0.069922
0.00809,0.069922
0.008091,0.071172
0.008092,0.069922
0.008093,0.071172
0.008094,0.072422
0.008095,0.071172
0.008096,0.067422
0.008097,0.068672
0.008098,0.068672
0.008099,0.068672
0.0081,0.068672
0.008101,0.068672
0.008102,0.069922
0.008103,0.066172
0.008104,0.067422
0.008105,0.067422
0.008106,0.068672
0.008107,0.066172
0.008108,0.068672
0.008109,0.066172
0.00811,0.067422
0.008111,0.066172
0.008112,0.064922
0.008113,0.067422
0.008114,0.066172
0.008115,0.068672
0.008116,0.066172
0.008117,0.063672
0.008118,0.066172
0.008119,0.069922
0.00812,0.064922
0.008121,0.068672
0.008122,0.068672
0.008123,0.066172
0.008124,0.064922
0.008125,0.066172
0.008126,0.064922
0.008127,0.062422
0.008128,0.063672
0.008129,0.063672
0.00813,0.063672
0.008131,0.066172
0.008132,0.066172
0.008133,0.064922
0.008134,0.064922
0.008135,0.064922
0.008136,0.063672
0.008137,0.064922
0.008138,0.067422
0.008139,0.061172
0.00814,0.062422
0.008141,0.066172
0.008142,0.064922
0.008143,0.064922
0.008144,0.064922
0.008145,0.064922
0.008146,0.066172
0.008147,0.062422
0.008148,0.062422
0.008149,0.062422
0.00815,0.063672
0.008151,0.061172
0.008152,0.062422
0.008153,0.062422
0.008154,0.064922
0.008155,0.061172
0.008156,0.061172
0.008157,0.058672
0.008158,0.063672
0.008159,0.062422
0.00816,0.062422
0.008161,0.062422
0.008162,0.062422
0.008163,0.058672
0.008164,0.061172
0.008165,0.061172
0.008166,0.062422
0.008167,0.059922
0.008168,0.061172
0.008169,0.059922
0.00817,0.061172
0.008171,0.061172
0.008172,0.061172
0.008173,0.062422
0.008174,0.061172
0.008175,0.059922
0.008176,0.061172
0.008177,0.061172
0.008178,0.062422
0.008179,0.057422
0.00818,0.058672
0.008181,0.062422
0.008182,0.063672
0.008183,0.059922
0.008184,0.057422
0.008185,0.061172
0.008186,0.061172
0.008187,0.057422
0.008188,0.061172
0.008189,0.062422
0.00819,0.061172
0.008191,0.057422
0.008192,0.061172
0.008193,0.059922
0.008194,0.063672
0.008195,0.056172
0.008196,0.058672
0.008197,0.063672
0.008198,0.058672
0.008199,0.054922
0.0082,0.062422
0.008201,0.062422
0.008202,0.057422
0.008203,0.058672
0.008204,0.056172
0.008205,0.059922
0.008206,0.057422
0.008207,0.058672
0.008208,0.061172
0.008209,0.061172
0.00821,0.061172
0.008211,0.058672
0.008212,0.058672
0.008213,0.057422
0.008214,0.057422
0.008215,0.053672
0.008216,0.058672
0.008217,0.061172
0.008218,0.058672
0.008219,0.058672
0.00822,0.057422
0.008221,0.056172
0.008222,0.058672
0.008223,0.054922
0.008224,0.062422
0.008225,0.057422
0.008226,0.058672
0.008227,0.058672
0.008228,0.059922
0.008229,0.058672
0.00823,0.059922
0.008231,0.054922
0.008232,0.061172
0.008233,0.056172
0.008234,0.059922
0.008235,0.058672
0.008236,0.056172
0.008237,0.056172
0.008238,0.056172
0.008239,0.054922
0.00824,0.057422
0.008241,0.054922
0.008242,0.056172
0.008243,0.057422
0.008244,0.058672
0.008245,0.062422
0.008246,0.058672
0.008247,0.053672
0.008248,0.061172
0.008249,0.056172
0.00825,0.056172
0.008251,0.059922
0.008252,0.058672
0.008253,0.057422
0.008254,0.057422
0.008255,0.058672
0.008256,0.057422
0.008257,0.061172
0.008258,0.059922
0.008259,0.057422
0.00826,0.058672
0.008261,0.058672
0.008262,0.056172
0.008263,0.057422
0.008264,0.053672
0.008265,0.058672
0.008266,0.061172
0.008267,0.054922
0.008268,0.057422
0.008269,0.059922
0.00827,0.056172
0.008271,0.054922
0.008272,0.057422
0.008273,0.057422
0.008274,0.056172
0.008275,0.054922
0.008276,0.057422
0.008277,0.056172
0.008278,0.059922
0.008279,0.058672
0.00828,0.057422
0.008281,0.056172
0.008282,0.057422
0.008283,0.054922
0.008284,0.059922
0.008285,0.058672
0.008286,0.057422
0.008287,0.059922
0.008288,0.057422
0.008289,0.059922
0.00829,0.057422
0.008291,0.058672
0.008292,0.054922
0.008293,0.057422
0.008294,0.056172
0.008295,0.057422
0.008296,0.057422
0.008297,0.057422
0.008298,0.059922
0.008299,0.057422
0.0083,0.057422
0.008301,0.057422
0.008302,0.059922
0.008303,0.056172
0.008304,0.057422
0.008305,0.057422
0.008306,0.057422
0.008307,0.058672
0.008308,0.054922
0.008309,0.057422
0.00831,0.057422
0.008311,0.056172
0.008312,0.058672
0.008313,0.058672
0.008314,0.059922
